{
  "openbookqa|A": {
    "acc": 0.354,
    "n": 500,
    "ci": [
      0.31334158354314207,
      0.39688480506788165
    ]
  },
  "openbookqa|B": {
    "acc": 0.444,
    "n": 500,
    "ci": [
      0.401040043510091,
      0.4878139137653702
    ]
  },
  "openbookqa|X": {
    "acc": 0.434,
    "n": 500,
    "ci": [
      0.39122280165473233,
      0.47778364799134687
    ]
  },
  "openbookqa|C": {
    "acc": 0.35,
    "n": 500,
    "ci": [
      0.3094794545296122,
      0.39280793102965883
    ]
  },
  "openbookqa|mcnemar_BX": {
    "b01": 23,
    "b10": 28,
    "p": 0.5758493477318467
  },
  "openbookqa|mcnemar_AX": {
    "b01": 53,
    "b10": 13,
    "p": 7.237175237417024e-07
  },
  "openbookqa|mcnemar_CX": {
    "b01": 54,
    "b10": 12,
    "p": 1.6944941229476377e-07
  },
  "commonsenseqa|A": {
    "acc": 0.38656838656838655,
    "n": 1221,
    "ci": [
      0.3596501248288344,
      0.4141981833932246
    ]
  },
  "commonsenseqa|B": {
    "acc": 0.4168714168714169,
    "n": 1221,
    "ci": [
      0.38951881766573493,
      0.4447454659771459
    ]
  },
  "commonsenseqa|X": {
    "acc": 0.4995904995904996,
    "n": 1221,
    "ci": [
      0.47158998285039205,
      0.5275935850493266
    ]
  },
  "commonsenseqa|C": {
    "acc": 0.3751023751023751,
    "n": 1221,
    "ci": [
      0.34837715900956695,
      0.40261105040461365
    ]
  },
  "commonsenseqa|mcnemar_BX": {
    "b01": 164,
    "b10": 63,
    "p": 1.4753427301823722e-11
  },
  "commonsenseqa|mcnemar_AX": {
    "b01": 221,
    "b10": 83,
    "p": 1.2540605571323638e-15
  },
  "commonsenseqa|mcnemar_CX": {
    "b01": 225,
    "b10": 73,
    "p": 3.5020269822512764e-19
  }
}