{
  "openbookqa|A": {
    "acc": 0.748,
    "n": 500,
    "ci": [
      0.7081514126701541,
      0.7840667765385178
    ]
  },
  "openbookqa|B": {
    "acc": 0.768,
    "n": 500,
    "ci": [
      0.7290418422345863,
      0.8028713622328494
    ]
  },
  "openbookqa|X": {
    "acc": 0.774,
    "n": 500,
    "ci": [
      0.7353308968855181,
      0.8084908121595469
    ]
  },
  "openbookqa|C": {
    "acc": 0.708,
    "n": 500,
    "ci": [
      0.6666799846544007,
      0.7461481740367435
    ]
  },
  "openbookqa|mcnemar_BX": {
    "b01": 27,
    "b10": 24,
    "p": 0.7797679305530743
  },
  "openbookqa|mcnemar_AX": {
    "b01": 43,
    "b10": 30,
    "p": 0.15971168311801956
  },
  "openbookqa|mcnemar_CX": {
    "b01": 56,
    "b10": 23,
    "p": 0.00026363677646526896
  },
  "commonsenseqa|A": {
    "acc": 0.7362817362817363,
    "n": 1221,
    "ci": [
      0.7108516348013426,
      0.7602296870610109
    ]
  },
  "commonsenseqa|B": {
    "acc": 0.7321867321867321,
    "n": 1221,
    "ci": [
      0.7066483017470023,
      0.7562686991125374
    ]
  },
  "commonsenseqa|X": {
    "acc": 0.7411957411957412,
    "n": 1221,
    "ci": [
      0.7158992441575316,
      0.7649792629081984
    ]
  },
  "commonsenseqa|C": {
    "acc": 0.7018837018837019,
    "n": 1221,
    "ci": [
      0.6756249055043508,
      0.7268761199343672
    ]
  },
  "commonsenseqa|mcnemar_BX": {
    "b01": 83,
    "b10": 72,
    "p": 0.4219388330129739
  },
  "commonsenseqa|mcnemar_AX": {
    "b01": 106,
    "b10": 100,
    "p": 0.7276586764549052
  },
  "commonsenseqa|mcnemar_CX": {
    "b01": 133,
    "b10": 85,
    "p": 0.0014005211606323573
  }
}